{
  "data_min": [
    0.14835754706056567,
    0.017931796334009743,
    0.005633107714523244,
    0.9412008465161509,
    1.9136054378485712,
    0.22973139365249728,
    -0.0,
    0.08941984729235401,
    0.009736873886131847,
    0.007417261075661512
  ],
  "data_range": [
    5.55419977490954,
    0.16282762491935973,
    1.9760407802568276,
    129.63823929181044,
    77.44424449029398,
    53.14406842615486,
    50.68997890927525,
    1.0495263472236498,
    0.055449453885758594,
    0.6617055419684479
  ],
  "feature_names": [
    "acc_mag",
    "gyro_mag",
    "jerk_mag",
    "acc_energy",
    "Speed_kmh",
    "speed_change",
    "deceleration",
    "acc_mag_std",
    "gyro_mag_std",
    "Motion_Intensity"
  ]
}